<?xml version="1.0" encoding="UTF-8"?>
<beans xmlns="http://www.springframework.org/schema/beans"
	xmlns:xsi="http://www.w3.org/2001/XMLSchema-instance"
	xmlns:context="http://www.springframework.org/schema/context"
	xsi:schemaLocation="http://www.springframework.org/schema/beans
	http://www.springframework.org/schema/beans/spring-beans-2.5.xsd
	http://www.springframework.org/schema/context
	http://www.springframework.org/schema/context/spring-context-2.5.xsd"> 
        
         <context:annotation-config/>
         <context:component-scan base-package="com.cg.spring.core"> </context:component-scan>
         
         <bean id = "customer" class = "com.cg.spring.core.beans.Customer">
         <property name="id" value = "123456"/>
         <property name="name" value = "Mukesh"/>
         <property name="list"> 
         <list>
         <ref bean = "product1"/>
         <ref bean = "product2"/>
         <ref bean = "product3"/>
         </list>
         </property>
         
         </bean>
         
         <bean id = "product1" class = "com.cg.spring.core.beans.Product">
         <constructor-arg value = "marker"> </constructor-arg>
         <constructor-arg value = "1050"> </constructor-arg>
         </bean>
         
          <bean id = "product2" class = "com.cg.spring.core.beans.Product">
         <constructor-arg value = "pen"> </constructor-arg>
         <constructor-arg value = "1000"> </constructor-arg>
         </bean>
         
         <bean id = "product3" class = "com.cg.spring.core.beans.Product">
         <constructor-arg value = "pencil"> </constructor-arg>
         <constructor-arg value = "100"> </constructor-arg>
         </bean>      
</beans>